{"cameraMode":{"drawMode":0,"name":"Shaded","section":"Shading Mode"},"sceneLighting":true,"audioPlay":false,"sceneViewState":{"m_AlwaysRefresh":false,"showFog":true,"showSkybox":true,"showFlares":true,"showImageEffects":true,"showParticleSystems":true,"showVisualEffectGraphs":true,"m_FxEnabled":true},"in2DMode":false,"pivot":{"x":11.757575035095215,"y":8.941435813903809,"z":0.38009893894195559},"rotation":{"x":-0.10482502728700638,"y":-0.07392340898513794,"z":0.007813263684511185,"w":-0.9917128682136536},"size":10.446248054504395,"orthographic":false}