{"cameraMode":{"drawMode":0,"name":"Shaded","section":"Shading Mode"},"sceneLighting":false,"audioPlay":false,"sceneViewState":{"m_AlwaysRefresh":false,"showFog":true,"showSkybox":false,"showFlares":true,"showImageEffects":true,"showParticleSystems":true,"showVisualEffectGraphs":true,"m_FxEnabled":true},"in2DMode":false,"pivot":{"x":7.594133377075195,"y":2.0093326568603517,"z":17.870920181274415},"rotation":{"x":0.2535795569419861,"y":0.10710541158914566,"z":-0.028261875733733178,"w":0.9609601497650147},"size":3.9601480960845949,"orthographic":true}